,SNO,NAME OF COMPANY,SYMBOL
1,1,20 Microns Limited,20MICRONS
2,2,21st Century Management Services Limited,21STCENMGM
3,3,3i Infotech Limited,3IINFOTECH
4,4,3M India Limited,3MINDIA
5,5,3P Land Holdings Limited,3PLAND
6,6,5Paisa Capital Limited,5PAISA
7,7,63 moons technologies limited,63MOONS
8,8,A2Z Infra Engineering Limited,A2ZINFRA
9,9,Aarti Drugs Limited,AARTIDRUGS
10,10,Aarti Industries Limited,AARTIIND
11,11,Aarvee Denims & Exports Limited,AARVEEDEN
12,12,Aavas Financiers Limited,AAVAS
13,13,Aban Offshore Limited,ABAN
14,14,ABB India Limited,ABB
15,15,Abbott India Limited,ABBOTINDIA
16,16,Aditya Birla Capital Limited,ABCAPITAL
17,17,Aditya Birla Fashion and Retail Limited,ABFRL
18,18,ABM International Limited,ABMINTLTD
19,19,ACC Limited,ACC
20,20,Accelya Solutions India Limited,ACCELYA
21,21,Action Construction Equipment Limited,ACE
22,22,Adani Enterprises Limited,ADANIENT
23,23,Adani Gas Limited,ADANIGAS
24,24,Adani Green Energy Limited,ADANIGREEN
25,25,Adani Ports and Special Economic Zone Limited,ADANIPORTS
26,26,Adani Power Limited,ADANIPOWER
27,27,Adani Transmission Limited,ADANITRANS
28,28,ADF Foods Limited,ADFFOODS
29,29,Adhunik Metaliks Limited,ADHUNIK
30,30,Adhunik Industries Limited,ADHUNIKIND
31,31,Adlabs Entertainment Limited,ADLABS
32,32,Ador Welding Limited,ADORWELD
33,33,Adroit Infotech Limited,ADROITINFO
34,34,Allied Digital Services Limited,ADSL
35,35,Advani Hotels & Resorts (India) Limited,ADVANIHOTR
36,36,Advanced Enzyme Technologies Limited,ADVENZYMES
37,37,Aegis Logistics Limited,AEGISCHEM
38,38,Affle (India) Limited,AFFLE
39,39,Agarwal Industrial Corporation Limited,AGARIND
40,40,AGC Networks Limited,AGCNET
41,41,Agri-Tech (India) Limited,AGRITECH
42,42,Agro Phos India Limited,AGROPHOS
43,43,Asian Hotels (East) Limited,AHLEAST
44,44,Ahluwalia Contracts (India) Limited,AHLUCONT
45,45,Asian Hotels (West) Limited,AHLWEST
46,46,AIA Engineering Limited,AIAENG
47,47,Monnet Ispat & Energy Limited,AIONJSW
48,48,Airan Limited,AIRAN
49,49,Ajanta Pharma Limited,AJANTPHARM
50,50,Ajmera Realty & Infra India Limited,AJMERA
51,51,Akash Infra-Projects Limited,AKASH
52,52,AksharChem India Limited,AKSHARCHEM
53,53,Aksh Optifibre Limited,AKSHOPTFBR
54,54,Akzo Nobel India Limited,AKZOINDIA
55,55,Alankit Limited,ALANKIT
56,56,Albert David Limited,ALBERTDAVD
57,57,Allahabad Bank,ALBK
58,58,Alchemist Limited,ALCHEM
59,59,Alembic Limited,ALEMBICLTD
60,60,Alicon Castalloy Limited,ALICON
61,61,Alkali Metals Limited,ALKALI
62,62,Alkem Laboratories Limited,ALKEM
63,63,Alkyl Amines Chemicals Limited,ALKYLAMINE
64,64,Allcargo Logistics Limited,ALLCARGO
65,65,Allsec Technologies Limited,ALLSEC
66,66,Almondz Global Securities Limited,ALMONDZ
67,67,Alok Industries Limited,ALOKTEXT
68,68,Alpa Laboratories Limited,ALPA
69,69,Alphageo (India) Limited,ALPHAGEO
70,70,Alps Industries Limited,ALPSINDUS
71,71,Amara Raja Batteries Limited,AMARAJABAT
72,72,Amber Enterprises India Limited,AMBER
73,73,Ambika Cotton Mills Limited,AMBIKCO
74,74,Ambuja Cements Limited,AMBUJACEM
75,75,AMD Industries Limited,AMDIND
76,76,Amj Land Holdings Limited,AMJLAND
77,77,Amrutanjan Health Care Limited,AMRUTANJAN
78,78,Anant Raj Limited,ANANTRAJ
79,79,Andhra Bank,ANDHRABANK
80,80,Andhra Cements Limited,ANDHRACEMT
81,81,The Andhra Sugars Limited,ANDHRSUGAR
82,82,Anik Industries Limited,ANIKINDS
83,83,Ankit Metal & Power Limited,ANKITMETAL
84,84,Ansal Properties & Infrastructure Limited,ANSALAPI
85,85,Ansal Housing Limited,ANSALHSG
86,86,Antarctica Limited,ANTGRAPHIC
87,87,The Anup Engineering Limited,ANUP
88,88,Apar Industries Limited,APARINDS
89,89,Anjani Portland Cement Limited,APCL
90,90,Apcotex Industries Limited,APCOTEXIND
91,91,Apex Frozen Foods Limited,APEX
92,92,APL Apollo Tubes Limited,APLAPOLLO
93,93,Alembic Pharmaceuticals Limited,APLLTD
94,94,Apollo Micro Systems Limited,APOLLO
95,95,Apollo Hospitals Enterprise Limited,APOLLOHOSP
96,96,Apollo Pipes Limited,APOLLOPIPE
97,97,Apollo Tyres Limited,APOLLOTYRE
98,98,Apollo Sindoori Hotels Limited,APOLSINHOT
99,99,Aptech Limited,APTECHT
100,100,Archidply Industries Limited,ARCHIDPLY
101,101,Archies Limited,ARCHIES
102,102,Arcotech Limited,ARCOTECH
103,103,Rajdarshan Industries Limited,ARENTERP
104,104,Aries Agro Limited,ARIES
105,105,Arihant Foundations & Housing Limited,ARIHANT
106,106,Arihant Superstructures Limited,ARIHANTSUP
107,107,Arman Financial Services Limited,ARMANFIN
108,108,Aro Granite Industries Limited,AROGRANITE
109,109,Arrow Greentech Limited,ARROWGREEN
110,110,Arrow Textiles Limited,ARROWTEX
111,111,Arshiya Limited,ARSHIYA
112,112,ARSS Infrastructure Projects Limited,ARSSINFRA
113,113,Arvind Limited,ARVIND
114,114,Arvind Fashions Limited,ARVINDFASN
115,115,Arvind SmartSpaces Limited,ARVSMART
116,116,Asahi India Glass Limited,ASAHIINDIA
117,117,Asahi Songwon Colors Limited,ASAHISONG
118,118,Automotive Stampings and Assemblies Limited,ASAL
119,119,Ashapura Minechem Limited,ASHAPURMIN
120,120,Ashiana Housing Limited,ASHIANA
121,121,Ashima Limited,ASHIMASYN
122,122,Ashoka Buildcon Limited,ASHOKA
123,123,Ashok Leyland Limited,ASHOKLEY
124,124,Asian Hotels (North) Limited,ASIANHOTNR
125,125,Asian Paints Limited,ASIANPAINT
126,126,Asian Granito India Limited,ASIANTILES
127,127,Aspinwall and Company Limited,ASPINWALL
128,128,Astec LifeSciences Limited,ASTEC
129,129,Aster DM Healthcare Limited,ASTERDM
130,130,Astral Poly Technik Limited,ASTRAL
131,131,Astra Microwave Products Limited,ASTRAMICRO
132,132,AstraZeneca Pharma India Limited,ASTRAZEN
133,133,Astron Paper & Board Mill Limited,ASTRON
134,134,Agro Tech Foods Limited,ATFL
135,135,Atlanta Limited,ATLANTA
136,136,Atlas Cycles (Haryana) Limited,ATLASCYCLE
137,137,Atul Limited,ATUL
138,138,Atul Auto Limited,ATULAUTO
139,139,AU Small Finance Bank Limited,AUBANK
140,140,Aurionpro Solutions Limited,AURIONPRO
141,141,Aurobindo Pharma Limited,AUROPHARMA
142,142,Ausom Enterprise Limited,AUSOMENT
143,143,Automotive Axles Limited,AUTOAXLES
144,144,Autoline Industries Limited,AUTOIND
145,145,Autolite (India) Limited,AUTOLITIND
146,146,Avadh Sugar & Energy Limited,AVADHSUGAR
147,147,Avanti Feeds Limited,AVANTIFEED
148,148,AVT Natural Products Limited,AVTNPL
149,149,Axis Bank Limited,AXISBANK
150,150,AXISCADES Engineering Technologies Limited,AXISCADES
151,151,AYM Syntex Limited,AYMSYNTEX
152,152,B.A.G Films and Media Limited,BAGFILMS
153,153,Bajaj Auto Limited,BAJAJ-AUTO
154,154,Bajaj Consumer Care Limited,BAJAJCON
155,155,Bajaj Electricals Limited,BAJAJELEC
156,156,Bajaj Finserv Limited,BAJAJFINSV
157,157,Bajaj Hindusthan Sugar Limited,BAJAJHIND
158,158,Bajaj Holdings & Investment Limited,BAJAJHLDNG
159,159,Bajaj Finance Limited,BAJFINANCE
160,160,Balaji Telefilms Limited,BALAJITELE
161,161,Balaji Amines Limited,BALAMINES
162,162,Balaxi Ventures Limited,BALAXI
163,163,Balkrishna Paper Mills Limited,BALKRISHNA
164,164,Balkrishna Industries Limited,BALKRISIND
165,165,Ballarpur Industries Limited,BALLARPUR
166,166,Balmer Lawrie & Company Limited,BALMLAWRIE
167,167,Bal Pharma Limited,BALPHARMA
168,168,Balrampur Chini Mills Limited,BALRAMCHIN
169,169,Banaras Beads Limited,BANARBEADS
170,170,Bannari Amman Sugars Limited,BANARISUG
171,171,Banco Products (I) Limited,BANCOINDIA
172,172,Bandhan Bank Limited,BANDHANBNK
173,173,Bang Overseas Limited,BANG
174,174,Bank of Baroda,BANKBARODA
175,175,Bank of India,BANKINDIA
176,176,Banswara Syntex Limited,BANSWRAS
177,177,Bartronics India Limited,BARTRONICS
178,178,BASF India Limited,BASF
179,179,Bannari Amman Spinning Mills Limited,BASML
180,180,Bata India Limited,BATAINDIA
181,181,Bayer Cropscience Limited,BAYERCROP
182,182,Bharat Bijlee Limited,BBL
183,183,Bombay Burmah Trading Corporation Limited,BBTC
184,184,Brightcom Group Limited,BCG
185,185,B.C. Power Controls Ltd,BCP
186,186,Bharat Dynamics Limited,BDL
187,187,Beardsell Limited,BEARDSELL
188,188,Bedmutha Industries Limited,BEDMUTHA
189,189,Bharat Electronics Limited,BEL
190,190,BEML Limited,BEML
191,191,Bhansali Engineering Polymers Limited,BEPL
192,192,Berger Paints (I) Limited,BERGEPAINT
193,193,BF Investment Limited,BFINVEST
194,194,BF Utilities Limited,BFUTILITIE
195,195,Bharatiya Global Infomedia Limited,BGLOBAL
196,196,BGR Energy Systems Limited,BGRENERGY
197,197,Bhageria Industries Limited,BHAGERIA
198,198,Bhagyanagar India Limited,BHAGYANGR
199,199,Bhagyanagar Properties Limited,BHAGYAPROP
200,200,Bhandari Hosiery Exports Limited,BHANDARI
201,201,Bharat Forge Limited,BHARATFORG
202,202,Bharat Gears Limited,BHARATGEAR
203,203,Bharat Rasayan Limited,BHARATRAS
204,204,Bharat Wire Ropes Limited,BHARATWIRE
205,205,Bharti Airtel Limited,BHARTIARTL
206,206,Bharat Heavy Electricals Limited,BHEL
207,207,Bigbloc Construction Limited,BIGBLOC
208,208,Bhartiya International Limited,BIL
209,209,Bil Energy Systems Limited,BILENERGY
210,210,Oswal Chemicals & Fertilizers Limited,BINDALAGRO
211,211,Biocon Limited,BIOCON
212,212,Biofil Chemicals & Pharmaceuticals Limited,BIOFILCHEM
213,213,Birla Cable Limited,BIRLACABLE
214,214,Birla Corporation Limited,BIRLACORPN
215,215,Aditya Birla Money Limited,BIRLAMONEY
216,216,Bkm Industries Limited,BKMINDST
217,217,BLB Limited,BLBLIMITED
218,218,Bliss GVS Pharma Limited,BLISSGVS
219,219,B. L. Kashyap and Sons Limited,BLKASHYAP
220,220,BLS International Services Limited,BLS
221,221,Blue Blends (I) Limited,BLUEBLENDS
222,222,Blue Coast Hotels Limited,BLUECOAST
223,223,Blue Dart Express Limited,BLUEDART
224,224,Blue Star Limited,BLUESTARCO
225,225,Bodal Chemicals Limited,BODALCHEM
226,226,Bombay Dyeing & Mfg Company Limited,BOMDYEING
227,227,Borosil Glass Works Limited,BOROSIL
228,228,Bosch Limited,BOSCHLTD
229,229,Bharat Petroleum Corporation Limited,BPCL
230,230,BPL Limited,BPL
231,231,Bombay Rayon Fashions Limited,BRFL
232,232,Brigade Enterprises Limited,BRIGADE
233,233,Britannia Industries Limited,BRITANNIA
234,234,Bharat Road Network Limited,BRNL
235,235,Brooks Laboratories Limited,BROOKS
236,236,BSE Limited,BSE
237,237,BSEL Infrastructure Realty Limited,BSELINFRA
238,238,BSL Limited,BSL
239,239,BIRLASOFT LIMITED,BSOFT
240,240,Burnpur Cement Limited,BURNPUR
241,241,Butterfly Gandhimathi Appliances Limited,BUTTERFLY
242,242,Barak Valley Cements Limited,BVCL
243,243,The Byke Hospitality Ltd,BYKE
244,244,Cadila Healthcare Limited,CADILAHC
245,245,California Software Company Limited,CALSOFT
246,246,Camlin Fine Sciences Limited,CAMLINFINE
247,247,Canara Bank,CANBK
248,248,C & C Constructions Limited,CANDC
249,249,Can Fin Homes Limited,CANFINHOME
250,250,Cantabil Retail India Limited,CANTABIL
251,251,Capacit’e Infraprojects Limited,CAPACITE
252,252,Caplin Point Laboratories Limited,CAPLIPOINT
253,253,Capital Trust Limited,CAPTRUST
254,254,Carborundum Universal Limited,CARBORUNIV
255,255,Career Point Limited,CAREERP
256,256,CARE Ratings Limited,CARERATING
257,257,Castex Technologies Limited,CASTEXTECH
258,258,Castrol India Limited,CASTROLIND
259,259,Country Club Hospitality & Holidays Limited,CCHHL
260,260,CCL Products (India) Limited,CCL
261,261,Central Depository Services (India) Limited,CDSL
262,262,CEAT Limited,CEATLTD
263,263,Commercial Engineers & Body Builders Co Limited,CEBBCO
264,264,Celebrity Fashions Limited,CELEBRITY
265,265,Celestial Biolabs Limited,CELESTIAL
266,266,Century Enka Limited,CENTENKA
267,267,Century Extrusions Limited,CENTEXT
268,268,Central Bank of India,CENTRALBK
269,269,Centrum Capital Limited,CENTRUM
270,270,Centum Electronics Limited,CENTUM
271,271,Century Plyboards (India) Limited,CENTURYPLY
272,272,Century Textiles & Industries Limited,CENTURYTEX
273,273,Cera Sanitaryware Limited,CERA
274,274,Cerebra Integrated Technologies Limited,CEREBRAINT
275,275,CESC Limited,CESC
276,276,CESC Ventures Limited,CESCVENT
277,277,Capri Global Capital Limited,CGCL
278,278,CG Power and Industrial Solutions Limited,CGPOWER
279,279,Chalet Hotels Limited,CHALET
280,280,Chambal Fertilizers & Chemicals Limited,CHAMBLFERT
281,281,Chemfab Alkalis Limited,CHEMFAB
282,282,Chennai Petroleum Corporation Limited,CHENNPETRO
283,283,Cholamandalam Investment and Finance Company Limited,CHOLAFIN
284,284,Cholamandalam Financial Holdings Limited,CHOLAHLDNG
285,285,Chromatic India Limited,CHROMATIC
286,286,Cigniti Technologies Limited,CIGNITITEC
287,287,Cimmco Limited,CIMMCO
288,288,Cineline India Limited,CINELINE
289,289,Cinevista Limited,CINEVISTA
290,290,Cipla Limited,CIPLA
291,291,Cox & Kings Financial Service Limited,CKFSL
292,292,CL Educate Limited,CLEDUCATE
293,293,Clariant Chemicals (India) Limited,CLNINDIA
294,294,CMI Limited,CMICABLES
295,295,CIL Nova Petrochemicals Limited,CNOVAPETRO
296,296,Coal India Limited,COALINDIA
297,297,Cochin Shipyard Limited,COCHINSHIP
298,298,Coffee Day Enterprises Limited,COFFEEDAY
299,299,Colgate Palmolive (India) Limited,COLPAL
300,300,Compuage Infocom Limited,COMPINFO
301,301,Compucom Software Limited,COMPUSOFT
302,302,Container Corporation of India Limited,CONCOR
303,303,Confidence Petroleum India Limited,CONFIPET
304,304,Consolidated Finvest & Holdings Limited,CONSOFINVT
305,305,Control Print Limited,CONTROLPR
306,306,Coral India Finance & Housing Limited,CORALFINAC
307,307,Cords Cable Industries Limited,CORDSCABLE
308,308,Coromandel International Limited,COROMANDEL
309,309,Corporation Bank,CORPBANK
310,310,Cosmo Films Limited,COSMOFILMS
311,311,Country Condo’s Limited,COUNCODOS
312,312,Cox & Kings Limited,COX&KINGS
313,313,Creative Peripherals and Distribution Limited,CREATIVE
314,314,Creative Eye Limited,CREATIVEYE
315,315,CREDITACCESS GRAMEEN LIMITED,CREDITACC
316,316,Crest Ventures Limited,CREST
317,317,CRISIL Limited,CRISIL
318,318,Crompton Greaves Consumer Electricals Limited,CROMPTON
319,319,Cambridge Technology Enterprises Limited,CTE
320,320,City Union Bank Limited,CUB
321,321,Cubex Tubings Limited,CUBEXTUB
322,322,Cummins India Limited,CUMMINSIND
323,323,Cupid Limited,CUPID
324,324,Cura Technologies Limited,CURATECH
325,325,Cyber Media (India) Limited,CYBERMEDIA
326,326,Cybertech Systems And Software Limited,CYBERTECH
327,327,Cyient Limited,CYIENT
328,328,LT Foods Limited,DAAWAT
329,329,Dabur India Limited,DABUR
330,330,Dalmia Bharat Limited,DALBHARAT
331,331,Dalmia Bharat Sugar and Industries Limited,DALMIASUG
332,332,Damodar Industries Limited,DAMODARIND
333,333,Datamatics Global Services Limited,DATAMATICS
334,334,D.B.Corp Limited,DBCORP
335,335,Dilip Buildcon Limited,DBL
336,336,D B Realty Limited,DBREALTY
337,337,DB (International) Stock Brokers Limited,DBSTOCKBRO
338,338,Dishman Carbogen Amcis Limited,DCAL
339,339,DCB Bank Limited,DCBBANK
340,340,DCM Limited,DCM
341,341,DCM Financial Services Limited,DCMFINSERV
342,342,DCM Nouvelle Limited,DCMNVL
343,343,DCM Shriram Limited,DCMSHRIRAM
344,344,DCW Limited,DCW
345,345,Deccan Cements Limited,DECCANCE
346,346,Deepak Fertilizers and Petrochemicals Corporation Limited,DEEPAKFERT
347,347,Deepak Nitrite Limited,DEEPAKNTR
348,348,Deep Industries Limited,DEEPIND
349,349,Delta Corp Limited,DELTACORP
350,350,Delta Magnets Limited,DELTAMAGNT
351,351,Den Networks Limited,DEN
352,352,De Nora India Limited,DENORA
353,353,DFM Foods Limited,DFMFOODS
354,354,Digicontent Limited,DGCONTENT
355,355,Dhampur Sugar Mills Limited,DHAMPURSUG
356,356,Dhanlaxmi Bank Limited,DHANBANK
357,357,Dhanuka Agritech Limited,DHANUKA
358,358,Dharani Sugars & Chemicals Limited,DHARSUGAR
359,359,Dewan Housing Finance Corporation Limited,DHFL
360,360,Dhunseri Investments Limited,DHUNINV
361,361,Prataap Snacks Limited,DIAMONDYD
362,362,Diamond Power Infra Ltd,DIAPOWER
363,363,DIC India Limited,DICIND
364,364,DiGiSPICE Technologies Limited,DIGISPICE
365,365,Digjam Limited,DIGJAMLTD
366,366,Dish TV India Limited,DISHTV
367,367,Divi’s Laboratories Limited,DIVISLAB
368,368,Dixon Technologies (India) Limited,DIXON
369,369,DLF Limited,DLF
370,370,D-Link (India) Limited,DLINKINDIA
371,371,Avenue Supermarts Limited,DMART
372,372,Diligent Media Corporation Limited,DNAMEDIA
373,373,Dolat Investments Limited,DOLAT
374,374,Dollar Industries Limited,DOLLAR
375,375,Donear Industries Limited,DONEAR
376,376,DPSC Limited,DPSCLTD
377,377,DQ Entertainment (International) Limited,DQE
378,378,Dredging Corporation of India Limited,DREDGECORP
379,379,Dr. Reddy’s Laboratories Limited,DRREDDY
380,380,Dynacons Systems & Solutions Limited,DSSL
381,381,Dhunseri Tea & Industries Limited,DTIL
382,382,Ducon Infratechnologies Limited,DUCON
383,383,Dhunseri Ventures Limited,DVL
384,384,Dwarikesh Sugar Industries Limited,DWARKESH
385,385,Dynamatic Technologies Limited,DYNAMATECH
386,386,Dynemic Products Limited,DYNPRO
387,387,Eastern Silk Industries Limited,EASTSILK
388,388,Easun Reyrolle Limited,EASUNREYRL
389,389,eClerx Services Limited,ECLERX
390,390,Edelweiss Financial Services Limited,EDELWEISS
391,391,Empee Distilleries Limited,EDL
392,392,Educomp Solutions Limited,EDUCOMP
393,393,Eicher Motors Limited,EICHERMOT
394,394,EID Parry India Limited,EIDPARRY
395,395,EIH Associated Hotels Limited,EIHAHOTELS
396,396,EIH Limited,EIHOTEL
397,397,Eimco Elecon (India) Limited,EIMCOELECO
398,398,Everest Kanto Cylinder Limited,EKC
399,399,Elecon Engineering Company Limited,ELECON
400,400,Electrosteel Castings Limited,ELECTCAST
401,401,Electrotherm (India) Limited,ELECTHERM
402,402,Elgi Equipments Limited,ELGIEQUIP
403,403,Elgi Rubber Company Limited,ELGIRUBCO
404,404,Emami Limited,EMAMILTD
405,405,Emami Paper Mills Limited,EMAMIPAP
406,406,Emami Realty Limited,EMAMIREAL
407,407,Emco Limited,EMCO
408,408,Emkay Global Financial Services Limited,EMKAY
409,409,Emmbi Industries Limited,EMMBI
410,410,Endurance Technologies Limited,ENDURANCE
411,411,Energy Development Company Limited,ENERGYDEV
412,412,Engineers India Limited,ENGINERSIN
413,413,Entertainment Network (India) Limited,ENIL
414,414,Eon Electric Limited,EON
415,415,Equitas Holdings Limited,EQUITAS
416,416,Eris Lifesciences Limited,ERIS
417,417,Eros International Media Limited,EROSMEDIA
418,418,Esab India Limited,ESABINDIA
419,419,Escorts Limited,ESCORTS
420,420,Essar Shipping Limited,ESSARSHPNG
421,421,Essel Propack Limited,ESSELPACK
422,422,Ester Industries Limited,ESTER
423,423,Euro Ceramics Limited,EUROCERA
424,424,Euro Multivision Limited,EUROMULTI
425,425,Eurotex Industries and Exports Limited,EUROTEXIND
426,426,Eveready Industries India Limited,EVEREADY
427,427,Everest Industries Limited,EVERESTIND
428,428,Excel Realty N Infra Limited,EXCEL
429,429,Excel Industries Limited,EXCELINDUS
430,430,Exide Industries Limited,EXIDEIND
431,431,Expleo Solutions Limited,EXPLEOSOL
432,432,Fertilizers and Chemicals Travancore Limited,FACT
433,433,Fairchem Speciality Limited,FAIRCHEM
434,434,Fineotex Chemical Limited,FCL
435,435,Future Consumer Limited,FCONSUMER
436,436,FCS Software Solutions Limited,FCSSOFT
437,437,FDC Limited,FDC
438,438,The Federal Bank Limited,FEDERALBNK
439,439,Future Enterprises Limited,FEL
440,440,Future Enterprises Limited,FELDVR
441,441,Fiem Industries Limited,FIEMIND
442,442,Filatex India Limited,FILATEX
443,443,Finolex Cables Limited,FINCABLES
444,444,Fine Organic Industries Limited,FINEORG
445,445,Finolex Industries Limited,FINPIPE
446,446,Flexituff Ventures International Limited,FLEXITUFF
447,447,Future Lifestyle Fashions Limited,FLFL
448,448,Gujarat Fluorochemicals Limited,FLUOROCHEM
449,449,Federal-Mogul Goetze (India) Limited.,FMGOETZE
450,450,Future Market Networks Limited,FMNL
451,451,FORCE MOTORS LTD,FORCEMOT
452,452,Fortis Healthcare Limited,FORTIS
453,453,Foseco India Limited,FOSECOIND
454,454,Future Retail Limited,FRETAIL
455,455,Future Supply Chain Solutions Limited,FSC
456,456,Firstsource Solutions Limited,FSL
457,457,Gabriel India Limited,GABRIEL
458,458,Gujarat Ambuja Exports Limited,GAEL
459,459,GAIL (India) Limited,GAIL
460,460,Gyscoal Alloys Limited,GAL
461,461,Galaxy Surfactants Limited,GALAXYSURF
462,462,Gallantt Metal Limited,GALLANTT
463,463,Gallantt Ispat Limited,GALLISPAT
464,464,Gammon Infrastructure Projects Limited,GAMMNINFRA
465,465,Gandhi Special Tubes Limited,GANDHITUBE
466,466,Ganesha Ecosphere Limited,GANECOS
467,467,Ganesh Housing Corporation Limited,GANESHHOUC
468,468,Ganges Securities Limited,GANGESSECU
469,469,Gangotri Textiles Limited,GANGOTRI
470,470,Garden Silk Mills Limited,GARDENSILK
471,471,Garware Technical Fibres Limited,GARFIBRES
472,472,GATI Limited,GATI
473,473,Gayatri Highways Limited,GAYAHWS
474,474,Gayatri Projects Limited,GAYAPROJ
475,475,Gateway Distriparks Limited,GDL
476,476,GeeCee Ventures Limited,GEECEE
477,477,Genesys International Corporation Limited,GENESYS
478,478,Genus Paper & Boards Limited,GENUSPAPER
479,479,Genus Power Infrastructures Limited,GENUSPOWER
480,480,Geojit Financial Services Limited,GEOJITFSL
481,481,GE Power India Limited,GEPIL
482,482,The Great Eastern Shipping Company Limited,GESHIP
483,483,GE T&D India Limited,GET&D
484,484,GFL Limited,GFLLIMITED
485,485,GHCL Limited,GHCL
486,486,GIC Housing Finance Limited,GICHSGFIN
487,487,General Insurance Corporation of India,GICRE
488,488,Gillanders Arbuthnot & Company Limited,GILLANDERS
489,489,Gillette India Limited,GILLETTE
490,490,Ginni Filaments Limited,GINNIFILA
491,491,Gujarat Industries Power Company Limited,GIPCL
492,492,GI Engineering Solutions Limited,GISOLUTION
493,493,GKW Limited,GKWLIMITED
494,494,GlaxoSmithKline Pharmaceuticals Limited,GLAXO
495,495,Glenmark Pharmaceuticals Limited,GLENMARK
496,496,Gujarat Lease Financing Limited,GLFL
497,497,Global Vectra Helicorp Limited,GLOBALVECT
498,498,Global Offshore Services Limited,GLOBOFFS
499,499,Globus Spirits Limited,GLOBUSSPR
500,500,GM Breweries Limited,GMBREW
501,501,Gujarat Mineral Development Corporation Limited,GMDCLTD
502,502,GMM Pfaudler Limited,GMMPFAUDLR
503,503,GMR Infrastructure Limited,GMRINFRA
504,504,GNA Axles Limited,GNA
505,505,Gujarat Narmada Valley Fertilizers and Chemicals Limited,GNFC
506,506,Goa Carbon Limited,GOACARBON
507,507,GOCL Corporation Limited,GOCLCORP
508,508,Godfrey Phillips India Limited,GODFRYPHLP
509,509,Godrej Agrovet Limited,GODREJAGRO
510,510,Godrej Consumer Products Limited,GODREJCP
511,511,Godrej Industries Limited,GODREJIND
512,512,Godrej Properties Limited,GODREJPROP
513,513,Goenka Diamond and Jewels Limited,GOENKA
514,514,Gokaldas Exports Limited,GOKEX
515,515,Gokul Refoils and Solvent Limited,GOKUL
516,516,Gokul Agro Resources Limited,GOKULAGRO
517,517,Golden Tobacco Limited,GOLDENTOBC
518,518,Goldiam International Limited,GOLDIAM
519,519,Goldstone Technologies Limited,GOLDTECH
520,520,Goodluck India Limited,GOODLUCK
521,521,Godawari Power And Ispat limited,GPIL
522,522,Gujarat Pipavav Port Limited,GPPL
523,523,GPT Infraprojects Limited,GPTINFRA
524,524,Granules India Limited,GRANULES
525,525,Graphite India Limited,GRAPHITE
526,526,Grasim Industries Limited,GRASIM
527,527,Gravita India Limited,GRAVITA
528,528,Greaves Cotton Limited,GREAVESCOT
529,529,Greenlam Industries Limited,GREENLAM
530,530,Greenpanel Industries Limited,GREENPANEL
531,531,Greenply Industries Limited,GREENPLY
532,532,Orient Green Power Company Limited,GREENPOWER
533,533,Grindwell Norton Limited,GRINDWELL
534,534,The Grob Tea Company Limited,GROBTEA
535,535,GRP Limited,GRPLTD
536,536,Garden Reach Shipbuilders & Engineers Limited,GRSE
537,537,Gujarat Sidhee Cement Limited,GSCLCEMENT
538,538,Gujarat State Fertilizers & Chemicals Limited,GSFC
539,539,GlaxoSmithKline Consumer Healthcare Limited,GSKCONS
540,540,Gujarat State Petronet Limited,GSPL
541,541,GSS Infotech Limited,GSS
542,542,GTL Limited,GTL
543,543,GTL Infrastructure Limited,GTLINFRA
544,544,GTN Industries Limited,GTNIND
545,545,GTN Textiles Limited,GTNTEX
546,546,GTPL Hathway Limited,GTPL
547,547,Gufic Biosciences Limited,GUFICBIO
548,548,Gujarat Alkalies and Chemicals Limited,GUJALKALI
549,549,Gujarat Apollo Industries Limited,GUJAPOLLO
550,550,Gujarat Gas Limited,GUJGASLTD
551,551,Gujarat Raffia Industries Limited,GUJRAFFIA
552,552,Gulf Oil Lubricants India Limited,GULFOILLUB
553,553,GP Petroleums Limited,GULFPETRO
554,554,Gulshan Polyols Limited,GULPOLY
555,555,GVK Power & Infrastructure Limited,GVKPIL
556,556,Hindustan Aeronautics Limited,HAL
557,557,Harita Seating Systems Limited,HARITASEAT
558,558,Harrisons Malayalam  Limited,HARRMALAYA
559,559,Hathway Cable & Datacom Limited,HATHWAY
560,560,Hatsun Agro Product Limited,HATSUN
561,561,Havells India Limited,HAVELLS
562,562,Sri Havisha Hospitality and Infrastructure Limited,HAVISHA
563,563,HBL Power Systems Limited,HBLPOWER
564,564,HB Stockholdings Limited,HBSL
565,565,Hindustan Construction Company Limited,HCC
566,566,Healthcare Global Enterprises Limited,HCG
567,567,HCL Infosystems Limited,HCL-INSYS
568,568,HCL Technologies Limited,HCLTECH
569,569,Housing Development Finance Corporation Limited,HDFC
570,570,HDFC Asset Management Company Limited,HDFCAMC
571,571,HDFC Bank Limited,HDFCBANK
572,572,HDFC Life Insurance Company Limited,HDFCLIFE
573,573,Housing Development and Infrastructure Limited,HDIL
574,574,HEG Limited,HEG
575,575,HeidelbergCement India Limited,HEIDELBERG
576,576,Hercules Hoists Limited,HERCULES
577,577,Heritage Foods Limited,HERITGFOOD
578,578,Hero MotoCorp Limited,HEROMOTOCO
579,579,Hester Biosciences Limited,HESTERBIO
580,580,Hexa Tradex Limited,HEXATRADEX
581,581,Hexaware Technologies Limited,HEXAWARE
582,582,HFCL Limited,HFCL
583,583,H.G. Infra Engineering Limited,HGINFRA
584,584,Hinduja Global Solutions Limited,HGS
585,585,Hikal Limited,HIKAL
586,586,HIL Limited,HIL
587,587,Hilton Metal Forging Limited,HILTON
588,588,Himatsingka Seide Limited,HIMATSEIDE
589,589,Hindalco Industries Limited,HINDALCO
590,590,Hindustan Composites Limited,HINDCOMPOS
591,591,Hindustan Copper Limited,HINDCOPPER
592,592,Hindustan Motors Limited,HINDMOTORS
593,593,Hindusthan National Glass & Industries Limited,HINDNATGLS
594,594,Hindustan Oil Exploration Company Limited,HINDOILEXP
595,595,Hindustan Petroleum Corporation Limited,HINDPETRO
596,596,Hind Syntex Limited,HINDSYNTEX
597,597,Hindustan Unilever Limited,HINDUNILVR
598,598,Hindustan Zinc Limited,HINDZINC
599,599,Hind Rectifiers Limited,HIRECT
600,600,Hisar Metal Industries Limited,HISARMETAL
601,601,Hi-Tech Pipes Limited,HITECH
602,602,Hitech Corporation Limited,HITECHCORP
603,603,The Hi-Tech Gears Limited,HITECHGEAR
604,604,HMT Limited,HMT
605,605,Hindustan Media Ventures Limited,HMVL
606,606,Hindustan Foods Limited,HNDFDS
607,607,Honeywell Automation India Limited,HONAUT
608,608,Honda Siel Power Products Limited,HONDAPOWER
609,609,Hotel Leela Venture Limited,HOTELEELA
610,610,Hotel Rugby Limited,HOTELRUGBY
611,611,HOV Services Limited,HOVS
612,612,HPL Electric & Power Limited,HPL
613,613,Himadri Speciality Chemical Limited,HSCL
614,614,HSIL Limited,HSIL
615,615,HT Media Limited,HTMEDIA
616,616,Hubtown Limited,HUBTOWN
617,617,Housing & Urban Development Corporation Limited,HUDCO
618,618,Indiabulls Real Estate Limited,IBREALEST
619,619,Indiabulls Housing Finance Limited,IBULHSGFIN
620,620,Indiabulls Integrated Services Limited,IBULISL
621,621,Indiabulls Ventures Limited,IBVENTURES
622,622,ICICI Bank Limited,ICICIBANK
623,623,ICICI Lombard General Insurance Company Limited,ICICIGI
624,624,ICICI Prudential Life Insurance Company Limited,ICICIPRULI
625,625,Indo Count Industries Limited,ICIL
626,626,ICRA Limited,ICRA
627,627,IDBI Bank Limited,IDBI
628,628,Vodafone Idea Limited,IDEA
629,629,IDFC Limited,IDFC
630,630,IDFC First Bank Limited,IDFCFIRSTB
631,631,Indian Energy Exchange Limited,IEX
632,632,IFB Agro Industries Limited,IFBAGRO
633,633,IFB Industries Limited,IFBIND
634,634,IFCI Limited,IFCI
635,635,IFGL Refractories Limited,IFGLEXPOR
636,636,Igarashi Motors India Limited,IGARASHI
637,637,Indraprastha Gas Limited,IGL
638,638,IG Petrochemicals Limited,IGPL
639,639,IIFL Finance Limited,IIFL
640,640,IIFL Securities Limited,IIFLSEC
641,641,Iifl Wealth Management Limited,IIFLWAM
642,642,Industrial Investment Trust Limited,IITL
643,643,IL&FS Engineering and Construction Company Limited,IL&FSENGG
644,644,IL&FS Transportation Networks Limited,IL&FSTRANS
645,645,Indian Metals & Ferro Alloys Limited,IMFA
646,646,India Motor Parts and Accessories Limited,IMPAL
647,647,Impex Ferro Tech Limited,IMPEXFERRO
648,648,Indbank Merchant Banking Services Limited,INDBANK
649,649,The Indian Hotels Company Limited,INDHOTEL
650,650,The India Cements Limited,INDIACEM
651,651,India Glycols Limited,INDIAGLYCO
652,652,Indiamart Intermesh Limited,INDIAMART
653,653,Indian Bank,INDIANB
654,654,Indian Card Clothing Company Limited,INDIANCARD
655,655,Indian Hume Pipe Company Limited,INDIANHUME
656,656,InterGlobe Aviation Limited,INDIGO
657,657,IMP Powers Limited,INDLMETER
658,658,India Nippon Electricals Limited,INDNIPPON
659,659,Indoco Remedies Limited,INDOCO
660,660,Indo Rama Synthetics (India) Limited,INDORAMA
661,661,Indosolar Limited,INDOSOLAR
662,662,IndoStar Capital Finance Limited,INDOSTAR
663,663,Indo Tech Transformers Limited,INDOTECH
664,664,Indo Thai Securities Limited,INDOTHAI
665,665,Indowind Energy Limited,INDOWIND
666,666,Indraprastha Medical Corporation Limited,INDRAMEDCO
667,667,Ind-Swift Laboratories Limited,INDSWFTLAB
668,668,Ind-Swift Limited,INDSWFTLTD
669,669,Indian Terrain Fashions Limited,INDTERRAIN
670,670,IndusInd Bank Limited,INDUSINDBK
671,671,INEOS Styrolution India Limited,INEOSSTYRO
672,672,Infibeam Avenues Limited,INFIBEAM
673,673,InfoBeans Technologies Limited,INFOBEAN
674,674,Bharti Infratel Limited,INFRATEL
675,675,Infosys Limited,INFY
676,676,Ingersoll Rand (India) Limited,INGERRAND
677,677,INOX Leisure Limited,INOXLEISUR
678,678,Inox Wind Limited,INOXWIND
679,679,Insecticides (India) Limited,INSECTICID
680,680,Inspirisys Solutions Limited,INSPIRISYS
681,681,Integra Garments and Textiles Limited,INTEGRA
682,682,Intellect Design Arena Limited,INTELLECT
683,683,Intense Technologies Limited,INTENTECH
684,684,Inventure Growth & Securities Limited,INVENTURE
685,685,Indian Overseas Bank,IOB
686,686,Indian Oil Corporation Limited,IOC
687,687,IOL Chemicals and Pharmaceuticals Limited,IOLCP
688,688,International Paper APPM Limited,IPAPPM
689,689,IPCA Laboratories Limited,IPCALAB
690,690,IRB Infrastructure Developers Limited,IRB
691,691,Ircon International Limited,IRCON
692,692,Indian Railway Catering And Tourism Corporation Limited,IRCTC
693,693,ICICI Securities Limited,ISEC
694,694,Intrasoft Technologies Limited,ISFT
695,695,ISMT Limited,ISMTLTD
696,696,ITC Limited,ITC
697,697,India Tourism Development Corporation Limited,ITDC
698,698,ITD Cementation India Limited,ITDCEM
699,699,ITI Limited,ITI
700,700,IL&FS Investment Managers Limited,IVC
701,701,IVP Limited,IVP
702,702,IVRCL Limited,IVRCLINFRA
703,703,IZMO Limited,IZMO
704,704,The Jammu & Kashmir Bank Limited,J&KBANK
705,705,Jagran Prakashan Limited,JAGRAN
706,706,Jagsonpal Pharmaceuticals Limited,JAGSNPHARM
707,707,Jai Balaji Industries Limited,JAIBALAJI
708,708,Jai Corp Limited,JAICORPLTD
709,709,Jaihind Projects Limited,JAIHINDPRO
710,710,Jain Studios Limited,JAINSTUDIO
711,711,Jamna Auto Industries Limited,JAMNAAUTO
712,712,Jash Engineering Limited,JASH
713,713,Jayant Agro Organics Limited,JAYAGROGN
714,714,Jay Bharat Maruti Limited,JAYBARMARU
715,715,Jayaswal Neco Industries Limited,JAYNECOIND
716,716,Jayshree Tea & Industries Limited,JAYSREETEA
717,717,JB Chemicals & Pharmaceuticals Limited,JBCHEPHARM
718,718,JBF Industries Limited,JBFIND
719,719,JBM Auto Limited,JBMA
720,720,Johnson Controls – Hitachi Air Conditioning India Limited,JCHAC
721,721,Jet Airways (India) Limited,JETAIRWAYS
722,722,JHS Svendgaard Laboratories Limited,JHS
723,723,JIK Industries Limited,JIKIND
724,724,Jindal Photo Limited,JINDALPHOT
725,725,Jindal Poly Films Limited,JINDALPOLY
726,726,Jindal Saw Limited,JINDALSAW
727,727,Jindal Steel & Power Limited,JINDALSTEL
728,728,Jindal Cotex Limited,JINDCOT
729,729,Jindal Drilling And Industries Limited,JINDRILL
730,730,Jindal Worldwide Limited,JINDWORLD
731,731,Jain Irrigation Systems Limited,JISLDVREQS
732,732,Jain Irrigation Systems Limited,JISLJALEQS
733,733,JITF Infralogistics Limited,JITFINFRA
734,734,Jiya Eco-Products Limited,JIYAECO
735,735,JK Cement Limited,JKCEMENT
736,736,J.Kumar Infraprojects Limited,JKIL
737,737,JK Lakshmi Cement Limited,JKLAKSHMI
738,738,JK Paper Limited,JKPAPER
739,739,JK Tyre & Industries Limited,JKTYRE
740,740,Jullundur Motor Agency (Delhi) Limited,JMA
741,741,JMC Projects (India) Limited,JMCPROJECT
742,742,JM Financial Limited,JMFINANCIL
743,743,JMT Auto Limited,JMTAUTOLTD
744,744,Jocil Limited,JOCIL
745,745,Jaiprakash Associates Limited,JPASSOCIAT
746,746,Jaypee Infratech Limited,JPINFRATEC
747,747,Jindal Poly Investment and Finance Company Limited,JPOLYINVST
748,748,Jaiprakash Power Ventures Limited,JPPOWER
749,749,Jindal Stainless Limited,JSL
750,750,Jindal Stainless (Hisar) Limited,JSLHISAR
751,751,JSW Energy Limited,JSWENERGY
752,752,JSW Holdings Limited,JSWHL
753,753,JSW Steel Limited,JSWSTEEL
754,754,Jtekt India Limited,JTEKTINDIA
755,755,Jubilant Life Sciences Limited,JUBILANT
756,756,Jubilant Foodworks Limited,JUBLFOOD
757,757,Jubilant Industries Limited,JUBLINDS
758,758,Jump Networks Limited,JUMPNET
759,759,Just Dial Limited,JUSTDIAL
760,760,JVL Agro Industries Limited,JVLAGRO
761,761,Jyothy Labs Limited,JYOTHYLAB
762,762,Kabra Extrusion Technik Limited,KABRAEXTRU
763,763,Kajaria Ceramics Limited,KAJARIACER
764,764,Kakatiya Cement Sugar & Industries Limited,KAKATCEM
765,765,Kalpataru Power Transmission Limited,KALPATPOWR
766,766,Kalyani Commercials Limited,KALYANI
767,767,Kalyani Forge Limited,KALYANIFRG
768,768,Kamat Hotels (I) Limited,KAMATHOTEL
769,769,Kamdhenu Limited,KAMDHENU
770,770,Kanani Industries Limited,KANANIIND
771,771,Kanoria Chemicals & Industries Limited,KANORICHEM
772,772,Kansai Nerolac Paints Limited,KANSAINER
773,773,Karda Constructions Limited,KARDA
774,774,Karma Energy Limited,KARMAENG
775,775,Karur Vysya Bank Limited,KARURVYSYA
776,776,Kaushalya Infrastructure Development Corporation Limited,KAUSHALYA
777,777,Kavveri Telecom Products Limited,KAVVERITEL
778,778,Kaya Limited,KAYA
779,779,KCP Limited,KCP
780,780,KCP Sugar and Industries Corporation Limited,KCPSUGIND
781,781,KDDL Limited,KDDL
782,782,KEC International Limited,KEC
783,783,Kirloskar Electric Company Limited,KECL
784,784,KEI Industries Limited,KEI
785,785,Kellton Tech Solutions Limited,KELLTONTEC
786,786,Kennametal India Limited,KENNAMET
787,787,Kernex Microsystems (India) Limited,KERNEX
788,788,Kesar Enterprises Limited,KESARENT
789,789,Kesoram Industries Limited,KESORAMIND
790,790,Keynote Financial Services Limited,KEYFINSERV
791,791,Karuturi Global Limited,KGL
792,792,Khadim India Limited,KHADIM
793,793,Khaitan (India) Limited,KHAITANLTD
794,794,Khandwala Securities Limited,KHANDSE
795,795,Kalyani Investment Company Limited,KICL
796,796,Kilitch Drugs (India) Limited,KILITCH
797,797,Kingfa Science & Technology (India) Limited,KINGFA
798,798,KIOCL Limited,KIOCL
799,799,Kiri Industries Limited,KIRIINDUS
800,800,Kirloskar Brothers Limited,KIRLOSBROS
801,801,Kirloskar Oil Engines Limited,KIRLOSENG
802,802,Kirloskar Industries Limited,KIRLOSIND
803,803,Kitex Garments Limited,KITEX
804,804,Kewal Kiran Clothing Limited,KKCL
805,805,K.M.Sugar Mills Limited,KMSUGAR
806,806,KNR Constructions Limited,KNRCON
807,807,Kohinoor Foods Limited,KOHINOOR
808,808,Kokuyo Camlin Limited,KOKUYOCMLN
809,809,Kolte – Patil Developers Limited,KOLTEPATIL
810,810,Kopran Limited,KOPRAN
811,811,Kotak Mahindra Bank Limited,KOTAKBANK
812,812,Kothari Sugars And Chemicals Limited,KOTARISUG
813,813,Kothari Petrochemicals Limited,KOTHARIPET
814,814,Kothari Products Limited,KOTHARIPRO
815,815,KPIT Technologies Limited,KPITTECH
816,816,K.P.R. Mill Limited,KPRMILL
817,817,KRBL Limited,KRBL
818,818,Krebs Biochemicals and Industries Limited,KREBSBIO
819,819,Kridhan Infra Limited,KRIDHANINF
820,820,Krishana Phoschem Limited,KRISHANA
821,821,Ksb Limited,KSB
822,822,Kaveri Seed Company Limited,KSCL
823,823,KSS Limited,KSERASERA
824,824,KSK Energy Ventures Limited,KSK
825,825,Kalyani Steels Limited,KSL
826,826,Kesar Terminals & Infrastructure Limited,KTIL
827,827,The Karnataka Bank Limited,KTKBANK
828,828,Kuantum Papers Limited,KUANTUM
829,829,kwality limited,KWALITY
830,830,L&T Finance Holdings Limited,L&TFH
831,831,Lakshmi Precision Screws Limited,LAKPRE
832,832,Lakshmi Vilas Bank Limited,LAKSHVILAS
833,833,Dr. Lal Path Labs Ltd.,LALPATHLAB
834,834,Lambodhara Textiles Limited,LAMBODHARA
835,835,La Opala RG Limited,LAOPALA
836,836,Lasa Supergenerics Limited,LASA
837,837,Laurus Labs Limited,LAURUSLABS
838,838,Lakshmi Machine Works Limited,LAXMIMACH
839,839,Lemon Tree Hotels Limited,LEMONTREE
840,840,Lakshmi Finance & Industrial Corporation Limited,LFIC
841,841,LG Balakrishnan & Bros Limited,LGBBROSLTD
842,842,LGB Forge Limited,LGBFORGE
843,843,Libas Designs Limited,LIBAS
844,844,Libas Designs Limited,LIBAS
845,845,Liberty Shoes Limited,LIBERTSHOE
846,846,LIC Housing Finance Limited,LICHSGFIN
847,847,Lincoln Pharmaceuticals Limited,LINCOLN
848,848,Linc Pen & Plastics Limited,LINCPEN
849,849,Linde India Limited,LINDEINDIA
850,850,Lokesh Machines Limited,LOKESHMACH
851,851,Lotus Eye Hospital and Institute Limited,LOTUSEYE
852,852,Lovable Lingerie Limited,LOVABLE
853,853,Landmark Property Development Company Limited,LPDC
854,854,Lloyds Steels Industries Limited,LSIL
855,855,Larsen & Toubro Limited,LT
856,856,Larsen & Toubro Infotech Limited,LTI
857,857,L&T Technology Services Limited,LTTS
858,858,Lumax Industries Limited,LUMAXIND
859,859,Lumax Auto Technologies Limited,LUMAXTECH
860,860,Lupin Limited,LUPIN
861,861,Lux Industries Limited,LUXIND
862,862,Lyka Labs Limited,LYKALABS
863,863,Lypsa Gems & Jewellery Limited,LYPSAGEMS
864,864,Mahindra & Mahindra Limited,M&M
865,865,Mahindra & Mahindra Financial Services Limited,M&MFIN
866,866,Maan Aluminium Limited,MAANALU
867,867,Madhav Marbles and Granites Limited,MADHAV
868,868,Madhucon Projects Limited,MADHUCON
869,869,Madras Fertilizers Limited,MADRASFERT
870,870,Magadh Sugar & Energy Limited,MAGADSUGAR
871,871,Magma Fincorp Limited,MAGMA
872,872,Magnum Ventures Limited,MAGNUM
873,873,Bank of Maharashtra,MAHABANK
874,874,Maha Rashtra Apex Corporation Limited,MAHAPEXLTD
875,875,Mahamaya Steel Industries Limited,MAHASTEEL
876,876,Maheshwari Logistics Limited,MAHESHWARI
877,877,Mahindra CIE Automotive Limited,MAHINDCIE
878,878,Mahindra Lifespace Developers Limited,MAHLIFE
879,879,Mahindra Logistics Limited,MAHLOG
880,880,Maharashtra Scooters Limited,MAHSCOOTER
881,881,Maharashtra Seamless Limited,MAHSEAMLES
882,882,Maithan Alloys Limited,MAITHANALL
883,883,Majesco Limited,MAJESCO
884,884,Malu Paper Mills Limited,MALUPAPER
885,885,Manaksia Aluminium Company Limited,MANAKALUCO
886,886,Manaksia Coated Metals & Industries Limited,MANAKCOAT
887,887,Manaksia Limited,MANAKSIA
888,888,Manaksia Steels Limited,MANAKSTEEL
889,889,Manali Petrochemicals Limited,MANALIPETC
890,890,Manappuram Finance Limited,MANAPPURAM
891,891,Mangalam Drugs And Organics Limited,MANGALAM
892,892,Mangalore Chemicals & Fertilizers Limited,MANGCHEFER
893,893,Mangalam Cement Limited,MANGLMCEM
894,894,Mangalam Timber Products Limited,MANGTIMBER
895,895,Man Industries (India) Limited,MANINDS
896,896,Man Infraconstruction Limited,MANINFRA
897,897,Manpasand Beverages Limited,MANPASAND
898,898,Manugraph India Limited,MANUGRAPH
899,899,Maral Overseas Limited,MARALOVER
900,900,Marathon Nextgen Realty Limited,MARATHON
901,901,Marico Limited,MARICO
902,902,Marksans Pharma Limited,MARKSANS
903,903,Maruti Suzuki India Limited,MARUTI
904,904,MAS Financial Services Limited,MASFIN
905,905,Mask Investments Limited,MASKINVEST
906,906,Mastek Limited,MASTEK
907,907,Matrimony.Com Limited,MATRIMONY
908,908,Mawana Sugars Limited,MAWANASUG
909,909,Max India Limited,MAXINDIA
910,910,Max Ventures and Industries Limited,MAXVIL
911,911,Mayur Uniquoters Ltd,MAYURUNIQ
912,912,Mazda Limited,MAZDA
913,913,Madhya Bharat Agro Products Limited,MBAPL
914,914,Mcnally Bharat Engineering Company Limited,MBECL
915,915,MBL Infrastructures Limited,MBLINFRA
916,916,McDowell Holdings Limited,MCDHOLDING
917,917,United Spirits Limited,MCDOWELL-N
918,918,Mcleod Russel India Limited,MCLEODRUSS
919,919,Multi Commodity Exchange of India Limited,MCX
920,920,Megasoft Limited,MEGASOFT
921,921,Meghmani Organics Limited,MEGH
922,922,Melstar Information Technologies Limited,MELSTAR
923,923,Menon Bearings Limited,MENONBE
924,924,MEP Infrastructure Developers Limited,MEP
925,925,Mercator Limited,MERCATOR
926,926,Metalyst Forgings Limited,METALFORGE
927,927,Metkore Alloys & Industries Limited,METKORE
928,928,Metropolis Healthcare Limited,METROPOLIS
929,929,Max Financial Services Limited,MFSL
930,930,Mahanagar Gas Limited,MGL
931,931,Mahindra Holidays & Resorts India Limited,MHRIL
932,932,MIC Electronics Limited,MIC
933,933,Mishra Dhatu Nigam Limited,MIDHANI
934,934,Minda Corporation Limited,MINDACORP
935,935,Minda Industries Limited,MINDAIND
936,936,Mindteck (India) Limited,MINDTECK
937,937,MindTree Limited,MINDTREE
938,938,MIRC Electronics Limited,MIRCELECTR
939,939,Mirza International Limited,MIRZAINT
940,940,MM Forgings Limited,MMFL
941,941,MMTC Limited,MMTC
942,942,Modi Rubber Limited,MODIRUBBER
943,943,Mohit Industries Limited,MOHITIND
944,944,Mohota Industries Limited,MOHOTAIND
945,945,MOIL Limited,MOIL
946,946,Mold-Tek Technologies Limited,MOLDTECH
947,947,Mold-Tek Packaging Limited,MOLDTKPAC
948,948,Monte Carlo Fashions Limited,MONTECARLO
949,949,Morarjee Textiles Limited,MORARJEE
950,950,Morepen Laboratories Limited,MOREPENLAB
951,951,Motherson Sumi Systems Limited,MOTHERSUMI
952,952,Motilal Oswal Financial Services Limited,MOTILALOFS
953,953,The Motor & General Finance Limited,MOTOGENFIN
954,954,MphasiS Limited,MPHASIS
955,955,MPS Limited,MPSLTD
956,956,MRF Limited,MRF
957,957,MRO-TEK Realty Limited,MRO-TEK
958,958,Mangalore Refinery and Petrochemicals Limited,MRPL
959,959,MSP Steel & Power Limited,MSPL
960,960,Mstc Limited,MSTCLTD
961,961,MT Educare Limited,MTEDUCARE
962,962,Mahanagar Telephone Nigam Limited,MTNL
963,963,Mukand Engineers Limited,MUKANDENGG
964,964,Mukand Limited,MUKANDLTD
965,965,Mukta Arts Limited,MUKTAARTS
966,966,Munjal Auto Industries Limited,MUNJALAU
967,967,Munjal Showa Limited,MUNJALSHOW
968,968,Murudeshwar Ceramics Limited,MURUDCERA
969,969,Muthoot Capital Services Limited,MUTHOOTCAP
970,970,Muthoot Finance Limited,MUTHOOTFIN
971,971,MVL Limited,MVL
972,972,NACL Industries Limited,NACLIND
973,973,Nagarjuna Fertilizers and Chemicals Limited,NAGAFERT
974,974,Nagarjuna Oil Refinery Limited,NAGAROIL
975,975,Nagreeka Capital & Infrastructure Limited,NAGREEKCAP
976,976,Nagreeka Exports Limited,NAGREEKEXP
977,977,Nahar Capital and Financial Services Limited,NAHARCAP
978,978,Nahar Industrial Enterprises Limited,NAHARINDUS
979,979,Nahar Poly Films Limited,NAHARPOLY
980,980,Nahar Spinning Mills Limited,NAHARSPING
981,981,Natco Pharma Limited,NATCOPHARM
982,982,Nath Bio-Genes (India) Limited,NATHBIOGEN
983,983,National Aluminium Company Limited,NATIONALUM
984,984,National Steel And Agro Industries Limited,NATNLSTEEL
985,985,Info Edge (India) Limited,NAUKRI
986,986,Navin Fluorine International Limited,NAVINFLUOR
987,987,Navkar Corporation Limited,NAVKARCORP
988,988,Navneet Education Limited,NAVNETEDUL
989,989,NBCC (India) Limited,NBCC
990,990,N. B. I. Industrial Finance Company Limited,NBIFIN
991,991,Nava Bharat Ventures Limited,NBVENTURES
992,992,NCC Limited,NCC
993,993,NCL Industries Limited,NCLIND
994,994,Naga Dhunseri Group Limited,NDGL
995,995,Nandan Denim Limited,NDL
996,996,New Delhi Television Limited,NDTV
997,997,North Eastern Carrying Corporation Limited,NECCLTD
998,998,Nectar Lifesciences Limited,NECLIFE
999,999,Nelcast Limited,NELCAST
1000,1000,NELCO Limited,NELCO
1001,1001,Neogen Chemicals Limited,NEOGEN
1002,1002,Nesco Limited,NESCO
1003,1003,Nestle India Limited,NESTLEIND
1004,1004,Network18 Media & Investments Limited,NETWORK18
1005,1005,Neuland Laboratories Limited,NEULANDLAB
1006,1006,Newgen Software Technologies Limited,NEWGEN
1007,1007,Next Mediaworks Limited,NEXTMEDIA
1008,1008,National Fertilizers Limited,NFL
1009,1009,Narayana Hrudayalaya Ltd.,NH
1010,1010,NHPC Limited,NHPC
1011,1011,The New India Assurance Company Limited,NIACL
1012,1012,NRB Industrial Bearings Limited,NIBL
1013,1013,NIIT Limited,NIITLTD
1014,1014,NIIT Technologies Limited,NIITTECH
1015,1015,Nila Infrastructures Limited,NILAINFRA
1016,1016,Nila Spaces Limited,NILASPACES
1017,1017,Nilkamal Limited,NILKAMAL
1018,1018,Indo-National Limited,NIPPOBATRY
1019,1019,Niraj Ispat Industries Limited,NIRAJISPAT
1020,1020,Nitco Limited,NITCO
1021,1021,Nitin Fire Protection Industries Limited,NITINFIRE
1022,1022,Nitin Spinners Limited,NITINSPIN
1023,1023,NK Industries Limited,NKIND
1024,1024,NLC India Limited,NLCINDIA
1025,1025,NMDC Limited,NMDC
1026,1026,NOCIL Limited,NOCIL
1027,1027,Noida Toll Bridge Company Limited,NOIDATOLL
1028,1028,Norben Tea & Exports Limited,NORBTEAEXP
1029,1029,N R Agarwal Industries Limited,NRAIL
1030,1030,NRB Bearing Limited,NRBBEARING
1031,1031,Nalwa Sons Investments Limited,NSIL
1032,1032,Neueon Towers Limited,NTL
1033,1033,NTPC Limited,NTPC
1034,1034,Nucleus Software Exports Limited,NUCLEUS
1035,1035,NXTDIGITAL LIMITED,NXTDIGITAL
1036,1036,Oriental Aromatics Limited,OAL
1037,1037,Oberoi Realty Limited,OBEROIRLTY
1038,1038,Oriental Carbon & Chemicals Limited,OCCL
1039,1039,Oracle Financial Services Software Limited,OFSS
1040,1040,Oil India Limited,OIL
1041,1041,Oil Country Tubular Limited,OILCOUNTUB
1042,1042,OCL Iron and Steel Limited,OISL
1043,1043,Olectra Greentech Limited,OLECTRA
1044,1044,Omax Autos Limited,OMAXAUTO
1045,1045,Omaxe Limited,OMAXE
1046,1046,Omkar Speciality Chemicals Limited,OMKARCHEM
1047,1047,OM Metals Infraprojects Limited,OMMETALS
1048,1048,Onelife Capital Advisors Limited,ONELIFECAP
1049,1049,One Point One Solutions Limited,ONEPOINT
1050,1050,Oil & Natural Gas Corporation Limited,ONGC
1051,1051,OnMobile Global Limited,ONMOBILE
1052,1052,Onward Technologies Limited,ONWARDTEC
1053,1053,Optiemus Infracom Limited,OPTIEMUS
1054,1054,Opto Circuits (India) Limited,OPTOCIRCUI
1055,1055,Orbit Exports Limited,ORBTEXP
1056,1056,Oricon Enterprises Limited,ORICONENT
1057,1057,Orient Abrasives Limited,ORIENTABRA
1058,1058,Oriental Trimex Limited,ORIENTALTL
1059,1059,Oriental Bank of Commerce,ORIENTBANK
1060,1060,Orient Bell Limited,ORIENTBELL
1061,1061,Orient Cement Limited,ORIENTCEM
1062,1062,Orient Electric Limited,ORIENTELEC
1063,1063,Oriental Hotels Limited,ORIENTHOT
1064,1064,Orient Press Limited,ORIENTLTD
1065,1065,Orient Paper & Industries Limited,ORIENTPPR
1066,1066,Orient Refractories Limited,ORIENTREF
1067,1067,The Orissa Minerals Development Company Limited,ORISSAMINE
1068,1068,Ortel Communications Limited,ORTEL
1069,1069,Ortin Laboratories Limited,ORTINLABSS
1070,1070,Oswal Agro Mills Limited,OSWALAGRO
1071,1071,PAE Limited,PAEL
1072,1072,Page Industries Limited,PAGEIND
1073,1073,Paisalo Digital Limited,PAISALO
1074,1074,Palash Securities Limited,PALASHSECU
1075,1075,Palred Technologies Limited,PALREDTEC
1076,1076,Panacea Biotec Limited,PANACEABIO
1077,1077,Panama Petrochem Limited,PANAMAPET
1078,1078,Huhtamaki PPL Limited,PAPERPROD
1079,1079,Parabolic Drugs Limited,PARABDRUGS
1080,1080,Paramount Communications Limited,PARACABLES
1081,1081,Parag Milk Foods Limited,PARAGMILK
1082,1082,Parsvnath Developers Limited,PARSVNATH
1083,1083,Patel Engineering Limited,PATELENG
1084,1084,Patel Integrated Logistics Limited,PATINTLOG
1085,1085,Patspin India Limited,PATSPINLTD
1086,1086,PC Jeweller Limited,PCJEWELLER
1087,1087,Pudumjee Paper Products Limited,PDMJEPAPER
1088,1088,Parenteral Drugs (India) Limited,PDPL
1089,1089,PDS Multinational Fashions Limited,PDSMFL
1090,1090,Pearl Polymers Limited,PEARLPOLY
1091,1091,Piramal Enterprises Limited,PEL
1092,1092,Pennar Industries Limited,PENIND
1093,1093,Peninsula Land Limited,PENINLAND
1094,1094,Persistent Systems Limited,PERSISTENT
1095,1095,Petron Engineering Construction Limited,PETRONENGG
1096,1096,Petronet LNG Limited,PETRONET
1097,1097,Power Finance Corporation Limited,PFC
1098,1098,Pfizer Limited,PFIZER
1099,1099,Prime Focus Limited,PFOCUS
1100,1100,PTC India Financial Services Limited,PFS
1101,1101,PG Electroplast Limited,PGEL
1102,1102,Procter & Gamble Hygiene and Health Care Limited,PGHH
1103,1103,Procter & Gamble Health Limited,PGHL
1104,1104,Pearl Global Industries Limited,PGIL
1105,1105,Phillips Carbon Black Limited,PHILIPCARB
1106,1106,The Phoenix Mills Limited,PHOENIXLTD
1107,1107,Pidilite Industries Limited,PIDILITIND
1108,1108,PI Industries Limited,PIIND
1109,1109,Pilani Investment and Industries Corporation Limited,PILANIINVS
1110,1110,PIL ITALICA LIFESTYLE LIMITED,PILITA
1111,1111,Pioneer Distilleries Limited,PIONDIST
1112,1112,Pioneer Embroideries Limited,PIONEEREMB
1113,1113,Piramal Phytocare Limited,PIRPHYTO
1114,1114,Pitti Engineering Limited,PITTIENG
1115,1115,The Peria Karamalai Tea & Produce Company Limited,PKTEA
1116,1116,Plastiblends India Limited,PLASTIBLEN
1117,1117,Punjab National Bank,PNB
1118,1118,PNB Gilts Limited,PNBGILTS
1119,1119,PNB Housing Finance Limited,PNBHOUSING
1120,1120,Pritish Nandy Communications Limited,PNC
1121,1121,PNC Infratech Limited,PNCINFRA
1122,1122,Poddar Housing and Development Limited,PODDARHOUS
1123,1123,Poddar Pigments Limited,PODDARMENT
1124,1124,Pokarna Limited,POKARNA
1125,1125,Polycab India Limited,POLYCAB
1126,1126,Poly Medicure Limited,POLYMED
1127,1127,Polyplex Corporation Limited,POLYPLEX
1128,1128,Ponni Sugars (Erode) Limited,PONNIERODE
1129,1129,Power Grid Corporation of India Limited,POWERGRID
1130,1130,Power Mech Projects Limited,POWERMECH
1131,1131,PPAP Automotive Limited,PPAP
1132,1132,Prakash Pipes Limited,PPL
1133,1133,Prabhat Dairy Limited,PRABHAT
1134,1134,Pradip Overseas Limited,PRADIP
1135,1135,Prajay Engineers Syndicate Limited,PRAENG
1136,1136,Praj Industries Limited,PRAJIND
1137,1137,Prakash Industries Limited,PRAKASH
1138,1138,Prakash Steelage Limited,PRAKASHSTL
1139,1139,Praxis Home Retail Limited,PRAXIS
1140,1140,Precision Camshafts Limited,PRECAM
1141,1141,Precot Meridian Limited,PRECOT
1142,1142,Precision Wires India Limited,PRECWIRE
1143,1143,Premier Explosives Limited,PREMEXPLN
1144,1144,Premier Limited,PREMIER
1145,1145,Premier Polyfilm Limited,PREMIERPOL
1146,1146,Pressman Advertising Limited,PRESSMN
1147,1147,Prestige Estates Projects Limited,PRESTIGE
1148,1148,Pricol Limited,PRICOLLTD
1149,1149,Prime Securities Limited,PRIMESECU
1150,1150,Proseed India Limited,PROSEED
1151,1151,Provogue (India) Limited,PROVOGE
1152,1152,Prozone Intu Properties Limited,PROZONINTU
1153,1153,Prism Johnson Limited,PRSMJOHNSN
1154,1154,Punjab & Sind Bank,PSB
1155,1155,PSL Limited,PSL
1156,1156,PSP Projects Limited,PSPPROJECT
1157,1157,PTC India Limited,PTC
1158,1158,PTL Enterprises Limited,PTL
1159,1159,Punjab Chemicals & Crop Protection Limited,PUNJABCHEM
1160,1160,Punj Lloyd Limited,PUNJLLOYD
1161,1161,Puravankara Limited,PURVA
1162,1162,PVR Limited,PVR
1163,1163,Quess Corp Limited,QUESS
1164,1164,Quick Heal Technologies Limited,QUICKHEAL
1165,1165,Radaan Mediaworks India Limited,RADAAN
1166,1166,Radico Khaitan Limited,RADICO
1167,1167,Music Broadcast Limited,RADIOCITY
1168,1168,Rain Industries Limited,RAIN
1169,1169,Rajesh Exports Limited,RAJESHEXPO
1170,1170,Raj Rayon Industries Limited,RAJRAYON
1171,1171,Rajshree Sugars & Chemicals Limited,RAJSREESUG
1172,1172,Raj Television Network Limited,RAJTV
1173,1173,Rajvir Industries Limited,RAJVIR
1174,1174,Rallis India Limited,RALLIS
1175,1175,Shree Rama Newsprint Limited,RAMANEWS
1176,1176,Rama Steel Tubes Limited,RAMASTEEL
1177,1177,The Ramco Cements Limited,RAMCOCEM
1178,1178,Ramco Industries Limited,RAMCOIND
1179,1179,Ramco Systems Limited,RAMCOSYS
1180,1180,Ramky Infrastructure Limited,RAMKY
1181,1181,Ramsarup Industries Limited,RAMSARUP
1182,1182,Rana Sugars Limited,RANASUG
1183,1183,Rane Engine Valve Limited,RANEENGINE
1184,1184,Rane Holdings Limited,RANEHOLDIN
1185,1185,Ratnamani Metals & Tubes Limited,RATNAMANI
1186,1186,Raymond Limited,RAYMOND
1187,1187,Rane Brake Lining Limited,RBL
1188,1188,RBL Bank Limited,RBLBANK
1189,1189,Rashtriya Chemicals and Fertilizers Limited,RCF
1190,1190,Reliance Communications Limited,RCOM
1191,1191,REC Limited,RECLTD
1192,1192,Redington (India) Limited,REDINGTON
1193,1193,Refex Industries Limited,REFEX
1194,1194,Regency Ceramics Limited,REGENCERAM
1195,1195,Relaxo Footwears Limited,RELAXO
1196,1196,Reliance Capital Limited,RELCAPITAL
1197,1197,Reliance Industries Limited,RELIANCE
1198,1198,Religare Enterprises Limited,RELIGARE
1199,1199,Reliance Infrastructure Limited,RELINFRA
1200,1200,Remsons Industries Limited,REMSONSIND
1201,1201,Shree Renuka Sugars Limited,RENUKA
1202,1202,Repco Home Finance Limited,REPCOHOME
1203,1203,Repro India Limited,REPRO
1204,1204,Responsive Industries Limited,RESPONIND
1205,1205,Revathi Equipment Limited,REVATHI
1206,1206,Renaissance Global Limited,RGL
1207,1207,Reliance Home Finance Limited,RHFL
1208,1208,Rico Auto Industries Limited,RICOAUTO
1209,1209,Reliance Industrial Infrastructure Limited,RIIL
1210,1210,RITES Limited,RITES
1211,1211,Ravi Kumar Distilleries Limited,RKDL
1212,1212,Ramkrishna Forgings Limited,RKFORGE
1213,1213,Radha Madhav Corporation Limited,RMCL
1214,1214,Rane (Madras) Limited,RML
1215,1215,Reliance Nippon Life Asset Management Limited,RNAM
1216,1216,Reliance Naval and Engineering Limited,RNAVAL
1217,1217,Rohit Ferro-Tech Limited,ROHITFERRO
1218,1218,Royal Orchid Hotels Limited,ROHLTD
1219,1219,Rollatainers Limited,ROLLT
1220,1220,Rolta India Limited,ROLTA
1221,1221,Rossell India Limited,ROSSELLIND
1222,1222,RPG Life Sciences Limited,RPGLIFE
1223,1223,Reliance Power Limited,RPOWER
1224,1224,R.P.P. Infra Projects Limited,RPPINFRA
1225,1225,R. S. Software (India) Limited,RSSOFTWARE
1226,1226,RSWM Limited,RSWM
1227,1227,R Systems International Limited,RSYSTEMS
1228,1228,RattanIndia Infrastructure Limited,RTNINFRA
1229,1229,RattanIndia Power Limited,RTNPOWER
1230,1230,The Ruby Mills Limited,RUBYMILLS
1231,1231,Ruchi Infrastructure Limited,RUCHINFRA
1232,1232,Ruchira Papers Limited,RUCHIRA
1233,1233,Ruchi Soya Industries Limited,RUCHISOYA
1234,1234,Rupa & Company Limited,RUPA
1235,1235,Rushil Decor Limited,RUSHIL
1236,1236,Rail Vikas Nigam Limited,RVNL
1237,1237,Sab Events & Governance Now Media Limited,SABEVENTS
1238,1238,Sri Adhikari Brothers Television Network Limited,SABTN
1239,1239,Sadbhav Engineering Limited,SADBHAV
1240,1240,Sadbhav Infrastructure Project Limited,SADBHIN
1241,1241,Safari Industries (India) Limited,SAFARI
1242,1242,Sagardeep Alloys Limited,SAGARDEEP
1243,1243,Sagar Cements Limited,SAGCEM
1244,1244,Steel Authority of India Limited,SAIL
1245,1245,Sakar Healthcare Limited,SAKAR
1246,1246,Sakthi Sugars Limited,SAKHTISUG
1247,1247,Saksoft Limited,SAKSOFT
1248,1248,Sakuma Exports Limited,SAKUMA
1249,1249,Salasar Techno Engineering Limited,SALASAR
1250,1250,Salona Cotspin Limited,SALONA
1251,1251,S.A.L. Steel Limited,SALSTEEL
1252,1252,Salzer Electronics Limited,SALZERELEC
1253,1253,Sambhaav Media Limited,SAMBHAAV
1254,1254,Sanco Industries Limited,SANCO
1255,1255,The Sandesh Limited,SANDESH
1256,1256,Sandhar Technologies Limited,SANDHAR
1257,1257,Sangam (India) Limited,SANGAMIND
1258,1258,Sanghi Industries Limited,SANGHIIND
1259,1259,Sanghvi Forging and Engineering Limited,SANGHVIFOR
1260,1260,Sanghvi Movers Limited,SANGHVIMOV
1261,1261,Sanginita Chemicals Limited,SANGINITA
1262,1262,Sanofi India Limited,SANOFI
1263,1263,Sanwaria Consumer Limited,SANWARIA
1264,1264,Sarda Energy & Minerals Limited,SARDAEN
1265,1265,Saregama India Limited,SAREGAMA
1266,1266,Sarla Performance Fibers Limited,SARLAPOLY
1267,1267,Sasken Technologies Limited,SASKEN
1268,1268,Sastasundar Ventures Limited,SASTASUNDR
1269,1269,Sathavahana Ispat Limited,SATHAISPAT
1270,1270,Satia Industries Limited,SATIA
1271,1271,Satin Creditcare Network Limited,SATIN
1272,1272,SBI Life Insurance Company Limited,SBILIFE
1273,1273,State Bank of India,SBIN
1274,1274,Stampede Capital Limited,SCAPDVR
1275,1275,Schaeffler India Limited,SCHAEFFLER
1276,1276,S Chand And Company Limited,SCHAND
1277,1277,Schneider Electric Infrastructure Limited,SCHNEIDER
1278,1278,Shipping Corporation Of India Limited,SCI
1279,1279,Som Distilleries & Breweries Limited,SDBL
1280,1280,Seamec Limited,SEAMECLTD
1281,1281,Selan Exploration Technology Limited,SELAN
1282,1282,SEL Manufacturing Company Limited,SELMCL
1283,1283,S.E. Power Limited,SEPOWER
1284,1284,Sequent Scientific Limited,SEQUENT
1285,1285,Seshasayee Paper and Boards Limited,SESHAPAPER
1286,1286,Setco Automotive Limited,SETCO
1287,1287,Setubandhan Infrastructure Limited,SETUINFRA
1288,1288,Seya Industries Limited,SEYAIND
1289,1289,Sezal Glass Limited,SEZAL
1290,1290,Sheela Foam Limited,SFL
1291,1291,STL Global Limited,SGL
1292,1292,Shah Alloys Limited,SHAHALLOYS
1293,1293,Shakti Pumps (India) Limited,SHAKTIPUMP
1294,1294,Shalby Limited,SHALBY
1295,1295,Shalimar Paints Limited,SHALPAINTS
1296,1296,Shankara Building Products Limited,SHANKARA
1297,1297,Shanthi Gears Limited,SHANTIGEAR
1298,1298,Sharda Cropchem Limited,SHARDACROP
1299,1299,Sharda Motor Industries Limited,SHARDAMOTR
1300,1300,Shemaroo Entertainment Limited,SHEMAROO
1301,1301,Shilpa Medicare Limited,SHILPAMED
1302,1302,Shirpur Gold Refinery Limited,SHIRPUR-G
1303,1303,Shivam Autotech Limited,SHIVAMAUTO
1304,1304,Shiva Mills Limited,SHIVAMILLS
1305,1305,Shiva Texyarn Limited,SHIVATEX
1306,1306,S H Kelkar and Company Limited,SHK
1307,1307,Shoppers Stop Limited,SHOPERSTOP
1308,1308,Shree Digvijay Cement Co.Ltd,SHREDIGCEM
1309,1309,SHREE CEMENT LIMITED,SHREECEM
1310,1310,Shree Pushkar Chemicals & Fertilisers Limited,SHREEPUSHK
1311,1311,Shree Rama Multi-Tech Limited,SHREERAMA
1312,1312,Shrenik Limited,SHRENIK
1313,1313,Shreyans Industries Limited,SHREYANIND
1314,1314,Shreyas Shipping & Logistics Limited,SHREYAS
1315,1315,Shriram Pistons & Rings Limited,SHRIPISTON
1316,1316,Shriram City Union Finance Limited,SHRIRAMCIT
1317,1317,Shriram EPC Limited,SHRIRAMEPC
1318,1318,Shyam Century Ferrous Limited,SHYAMCENT
1319,1319,Shyam Telecom Limited,SHYAMTEL
1320,1320,Sicagen India Limited,SICAGEN
1321,1321,Sical Logistics Limited,SICAL
1322,1322,Siemens Limited,SIEMENS
1323,1323,Signet Industries Limited,SIGIND
1324,1324,Standard Industries Limited,SIL
1325,1325,SIL Investments Limited,SILINV
1326,1326,Simbhaoli Sugars Limited,SIMBHALS
1327,1327,Simplex Infrastructures Limited,SIMPLEXINF
1328,1328,Sintex Industries Limited,SINTEX
1329,1329,Sirca Paints India Limited,SIRCA
1330,1330,Security and Intelligence Services (India) Limited,SIS
1331,1331,Siti Networks Limited,SITINET
1332,1332,Siyaram Silk Mills Limited,SIYSIL
1333,1333,SJVN Limited,SJVN
1334,1334,SKF India Limited,SKFINDIA
1335,1335,SKIL Infrastructure Limited,SKIL
1336,1336,Skipper Limited,SKIPPER
1337,1337,SKM Egg Products Export (India) Limited,SKMEGGPROD
1338,1338,Smartlink Holdings Limited,SMARTLINK
1339,1339,SML Isuzu Limited,SMLISUZU
1340,1340,Splendid Metal Products Limited,SMPL
1341,1341,SMS Lifesciences India Limited,SMSLIFE
1342,1342,SMS Pharmaceuticals Limited,SMSPHARMA
1343,1343,Snowman Logistics Limited,SNOWMAN
1344,1344,Sobha Limited,SOBHA
1345,1345,Solara Active Pharma Sciences Limited,SOLARA
1346,1346,Solar Industries India Limited,SOLARINDS
1347,1347,Somany Ceramics Limited,SOMANYCERA
1348,1348,Soma Textiles & Industries Limited,SOMATEX
1349,1349,Somi Conveyor Beltings Limited,SOMICONVEY
1350,1350,Sonata Software Limited,SONATSOFTW
1351,1351,SORIL Infra Resources Limited,SORILINFRA
1352,1352,Savita Oil Technologies Limited,SOTL
1353,1353,The South Indian Bank Limited,SOUTHBANK
1354,1354,South West Pinnacle Exploration Limited,SOUTHWEST
1355,1355,S. P. Apparels Limited,SPAL
1356,1356,Spandana Sphoorty Financial Limited,SPANDANA
1357,1357,Sun Pharma Advanced Research Company Limited,SPARC
1358,1358,Spacenet Enterprises India Limited,SPCENET
1359,1359,Speciality Restaurants Limited,SPECIALITY
1360,1360,Spencer’s Retail Limited,SPENCERS
1361,1361,Spentex Industries Limited,SPENTEX
1362,1362,Southern Petrochemicals Industries Corporation Limited,SPIC
1363,1363,SPICEJET LTD,SPICEJET
1364,1364,SPL Industries Limited,SPLIL
1365,1365,SPML Infra Limited,SPMLINFRA
1366,1366,Sintex Plastics Technology Limited,SPTL
1367,1367,Shekhawati Poly-Yarn Limited,SPYL
1368,1368,Sreeleathers Limited,SREEL
1369,1369,SREI Infrastructure Finance Limited,SREINFRA
1370,1370,SRF Limited,SRF
1371,1371,Sree Rayalaseema Hi-Strength Hypo Limited,SRHHYPOLTD
1372,1372,Srikalahasthi Pipes Limited,SRIPIPES
1373,1373,Shriram Transport Finance Company Limited,SRTRANSFIN
1374,1374,Steel Strips Wheels Limited,SSWL
1375,1375,Stampede Capital Limited,STAMPEDE
1376,1376,Strides Pharma Science Limited,STAR
1377,1377,Star Cement Limited,STARCEMENT
1378,1378,Star Paper Mills Limited,STARPAPER
1379,1379,The State Trading Corporation of India Limited,STCINDIA
1380,1380,Steel City Securities Limited,STEELCITY
1381,1381,STEEL EXCHANGE INDIA LIMITED,STEELXIND
1382,1382,Stel Holdings Limited,STEL
1383,1383,Sterling Tools Limited,STERTOOLS
1384,1384,STI India Limited,STINDIA
1385,1385,Sterlite Technologies Limited,STRTECH
1386,1386,International Constructions Limited,SUBCAPCITY
1387,1387,Subex Limited,SUBEX
1388,1388,Subros Limited,SUBROS
1389,1389,Sudarshan Chemical Industries Limited,SUDARSCHEM
1390,1390,Sujana Universal Industries Limited,SUJANAUNI
1391,1391,Sumeet Industries Limited,SUMEETINDS
1392,1392,Sumit Woods Limited,SUMIT
1393,1393,Summit Securities Limited,SUMMITSEC
1394,1394,Sundaram Clayton Limited,SUNCLAYLTD
1395,1395,Sundaram Multi Pap Limited,SUNDARAM
1396,1396,Sundaram Finance Limited,SUNDARMFIN
1397,1397,Sundaram Finance Holdings Limited,SUNDARMHLD
1398,1398,Sundaram Brake Linings Limited,SUNDRMBRAK
1399,1399,Sundram Fasteners Limited,SUNDRMFAST
1400,1400,Sunflag Iron And Steel Company Limited,SUNFLAG
1401,1401,Sun Pharmaceutical Industries Limited,SUNPHARMA
1402,1402,Sunteck Realty Limited,SUNTECK
1403,1403,Sun TV Network Limited,SUNTV
1404,1404,Superhouse Limited,SUPERHOUSE
1405,1405,Super Spinning Mills Limited,SUPERSPIN
1406,1406,Supreme Petrochem Limited,SUPPETRO
1407,1407,Suprajit Engineering Limited,SUPRAJIT
1408,1408,Supreme Industries Limited,SUPREMEIND
1409,1409,Supreme Infrastructure India Limited,SUPREMEINF
1410,1410,Surana Solar Limited,SURANASOL
1411,1411,Surana Telecom and Power Limited,SURANAT&P
1412,1412,Suryalakshmi Cotton Mills Limited,SURYALAXMI
1413,1413,Surya Roshni Limited,SURYAROSNI
1414,1414,Sutlej Textiles and Industries Limited,SUTLEJTEX
1415,1415,Suven Life Sciences Limited,SUVEN
1416,1416,Suzlon Energy Limited,SUZLON
1417,1417,Swan Energy Limited,SWANENERGY
1418,1418,Swaraj Engines Limited,SWARAJENG
1419,1419,Swelect Energy Systems Limited,SWELECTES
1420,1420,Sterling And Wilson Solar Limited,SWSOLAR
1421,1421,Symphony Limited,SYMPHONY
1422,1422,Syncom Healthcare Limited,SYNCOM
1423,1423,Syndicate Bank,SYNDIBANK
1424,1424,Syngene International Limited,SYNGENE
1425,1425,Tainwala Chemical and Plastic (I) Limited,TAINWALCHM
1426,1426,Taj GVK Hotels & Resorts Limited,TAJGVK
1427,1427,Take Solutions Limited,TAKE
1428,1428,Talbros Automotive Components Limited,TALBROAUTO
1429,1429,Talwalkars Better Value Fitness Limited,TALWALKARS
1430,1430,Talwalkars Healthclubs Limited,TALWGYM
1431,1431,Tanla Solutions Limited,TANLA
1432,1432,Tantia Constructions Limited,TANTIACONS
1433,1433,Tarapur Transformers Limited,TARAPUR
1434,1434,Tarmat Limited,TARMAT
1435,1435,Tasty Bite Eatables Limited,TASTYBITE
1436,1436,Tata Chemicals Limited,TATACHEM
1437,1437,Tata Coffee Limited,TATACOFFEE
1438,1438,Tata Communications Limited,TATACOMM
1439,1439,Tata Elxsi Limited,TATAELXSI
1440,1440,Tata Global Beverages Limited,TATAGLOBAL
1441,1441,Tata Investment Corporation Limited,TATAINVEST
1442,1442,Tata Metaliks Limited,TATAMETALI
1443,1443,Tata Motors Limited,TATAMOTORS
1444,1444,Tata Motors Limited,TATAMTRDVR
1445,1445,Tata Power Company Limited,TATAPOWER
1446,1446,Tata Steel Limited,TATASTEEL
1447,1447,Tata Steel Bsl Limited,TATASTLBSL
1448,1448,Tata Steel Long Products Limited,TATASTLLP
1449,1449,Tribhovandas Bhimji Zaveri Limited,TBZ
1450,1450,Transport Corporation of India Limited,TCI
1451,1451,TCI Developers Limited,TCIDEVELOP
1452,1452,TCI Express Limited,TCIEXP
1453,1453,TCI Finance Limited,TCIFINANCE
1454,1454,TCNS Clothing Co. Limited,TCNSBRANDS
1455,1455,TCPL Packaging Limited,TCPLPACK
1456,1456,Tata Consultancy Services Limited,TCS
1457,1457,TD Power Systems Limited,TDPOWERSYS
1458,1458,Teamlease Services Limited,TEAMLEASE
1459,1459,Techindia Nirman Limited,TECHIN
1460,1460,Tech Mahindra Limited,TECHM
1461,1461,Techno Electric & Engineering Company Limited,TECHNOE
1462,1462,Technofab Engineering Limited,TECHNOFAB
1463,1463,Tejas Networks Limited,TEJASNET
1464,1464,Tera Software Limited,TERASOFT
1465,1465,Texmaco Infrastructure & Holdings Limited,TEXINFRA
1466,1466,Texmo Pipes and Products Limited,TEXMOPIPES
1467,1467,Texmaco Rail & Engineering Limited,TEXRAIL
1468,1468,Texmaco Rail & Engineering Limited,TEXRAIL
1469,1469,Tourism Finance Corporation of India Limited,TFCILTD
1470,1470,Transwarranty Finance Limited,TFL
1471,1471,TGB Banquets And Hotels Limited,TGBHOTELS
1472,1472,TGB Banquets And Hotels Limited,TGBHOTELS
1473,1473,Thangamayil Jewellery Limited,THANGAMAYL
1474,1474,The Investment Trust Of India Limited,THEINVEST
1475,1475,Themis Medicare Limited,THEMISMED
1476,1476,Thermax Limited,THERMAX
1477,1477,Thiru Arooran Sugars Limited,THIRUSUGAR
1478,1478,Thomas Cook (India) Limited,THOMASCOOK
1479,1479,Thomas Scott (India) Limited,THOMASCOTT
1480,1480,Thyrocare Technologies Limited,THYROCARE
1481,1481,Tilaknagar Industries Limited,TI
1482,1482,Tide Water Oil Company (India) Limited,TIDEWATER
1483,1483,Technocraft Industries (India) Limited,TIIL
1484,1484,Tube Investments of India Limited,TIINDIA
1485,1485,Tijaria Polypipes Limited,TIJARIA
1486,1486,TIL Limited,TIL
1487,1487,Times Guaranty Limited,TIMESGTY
1488,1488,Time Technoplast Limited,TIMETECHNO
1489,1489,Timken India Limited,TIMKEN
1490,1490,The Tinplate Company of India Limited,TINPLATE
1491,1491,TIPS Industries Limited,TIPSINDLTD
1492,1492,Thirumalai Chemicals Limited,TIRUMALCHM
1493,1493,Titan Company Limited,TITAN
1494,1494,The Mandhana Retail Ventures Limited,TMRVL
1495,1495,Tamilnadu PetroProducts Limited,TNPETRO
1496,1496,Tamil Nadu Newsprint & Papers Limited,TNPL
1497,1497,Tamilnadu Telecommunication Limited,TNTELE
1498,1498,Tokyo Plast International Limited,TOKYOPLAST
1499,1499,Torrent Pharmaceuticals Limited,TORNTPHARM
1500,1500,Torrent Power Limited,TORNTPOWER
1501,1501,TPL Plastech Limited,TPLPLASTEH
1502,1502,Tree House Education & Accessories Limited,TREEHOUSE
1503,1503,TREJHARA SOLUTIONS LIMITED,TREJHARA
1504,1504,Trent Limited,TRENT
1505,1505,TRF Limited,TRF
1506,1506,Trident Limited,TRIDENT
1507,1507,Trigyn Technologies Limited,TRIGYN
1508,1508,Transformers And Rectifiers (India) Limited,TRIL
1509,1509,Triveni Turbine Limited,TRITURBINE
1510,1510,Triveni Engineering & Industries Limited,TRIVENI
1511,1511,TTK Healthcare Limited,TTKHLTCARE
1512,1512,TTK Prestige Limited,TTKPRESTIG
1513,1513,T T Limited,TTL
1514,1514,Tata Teleservices (Maharashtra) Limited,TTML
1515,1515,TV18 Broadcast Limited,TV18BRDCST
1516,1516,TVS Electronics Limited,TVSELECT
1517,1517,TVS Motor Company Limited,TVSMOTOR
1518,1518,TVS Srichakra Limited,TVSSRICHAK
1519,1519,TV Today Network Limited,TVTODAY
1520,1520,TV Vision Limited,TVVISION
1521,1521,Titagarh Wagons Limited,TWL
1522,1522,United Breweries Limited,UBL
1523,1523,Ucal Fuel Systems Limited,UCALFUEL
1524,1524,UCO Bank,UCOBANK
1525,1525,UFLEX Limited,UFLEX
1526,1526,UFO Moviez India Limited,UFO
1527,1527,The Ugar Sugar Works Limited,UGARSUGAR
1528,1528,Ujaas Energy Limited,UJAAS
1529,1529,Ujjivan Financial Services Limited,UJJIVAN
1530,1530,UltraTech Cement Limited,ULTRACEMCO
1531,1531,Umang Dairies Limited,UMANGDAIRY
1532,1532,Usha Martin Education & Solutions Limited,UMESLTD
1533,1533,Unichem Laboratories Limited,UNICHEMLAB
1534,1534,Uniphos Enterprises Limited,UNIENTER
1535,1535,Union Bank of India,UNIONBANK
1536,1536,Uniply Industries Limited,UNIPLY
1537,1537,Unitech Limited,UNITECH
1538,1538,United Bank of India,UNITEDBNK
1539,1539,The United Nilgiri Tea Estates Company Limited,UNITEDTEA
1540,1540,Unity Infraprojects Limited,UNITY
1541,1541,Universal Cables Limited,UNIVCABLES
1542,1542,UPL Limited,UPL
1543,1543,Urja Global Limited,URJA
1544,1544,Usha Martin Limited,USHAMART
1545,1545,Uttam Galva Steels Limited,UTTAMSTL
1546,1546,Uttam Sugar Mills Limited,UTTAMSUGAR
1547,1547,Uttam Value Steels Limited,UVSL
1548,1548,V2 Retail Limited,V2RETAIL
1549,1549,Vadilal Industries Limited,VADILALIND
1550,1550,Vaibhav Global Limited,VAIBHAVGBL
1551,1551,Vakrangee Limited,VAKRANGEE
1552,1552,Vardhman Acrylics Limited,VARDHACRLC
1553,1553,Vardhman Polytex Limited,VARDMNPOLY
1554,1554,Varroc Engineering Limited,VARROC
1555,1555,Vascon Engineers Limited,VASCONEQ
1556,1556,Vaswani Industries Limited,VASWANI
1557,1557,Varun Beverages Limited,VBL
1558,1558,Vedanta Limited,VEDL
1559,1559,Venky’s (India) Limited,VENKEYS
1560,1560,Venus Remedies Limited,VENUSREM
1561,1561,Vesuvius India Limited,VESUVIUS
1562,1562,Veto Switchgears And Cables Limited,VETO
1563,1563,V-Guard Industries Limited,VGUARD
1564,1564,Vardhman Holdings Limited,VHL
1565,1565,Viceroy Hotels Limited,VICEROY
1566,1566,Videocon Industries Limited,VIDEOIND
1567,1567,Vidhi Specialty Food Ingredients Limited,VIDHIING
1568,1568,Viji Finance Limited,VIJIFIN
1569,1569,Vikas EcoTech Limited,VIKASECO
1570,1570,Vikas Multicorp Limited,VIKASMCORP
1571,1571,Vikas Proppant & Granite Limited,VIKASPROP
1572,1572,Vikas WSP Limited,VIKASWSP
1573,1573,Vimal Oil & Foods Limited,VIMALOIL
1574,1574,Vimta Labs Limited,VIMTALABS
1575,1575,Vinati Organics Limited,VINATIORGA
1576,1576,Vindhya Telelinks Limited,VINDHYATEL
1577,1577,Vinyl Chemicals (India) Limited,VINYLINDIA
1578,1578,VIP Clothing Limited,VIPCLOTHNG
1579,1579,VIP Industries Limited,VIPIND
1580,1580,Vipul Limited,VIPULLTD
1581,1581,Visaka Industries Limited,VISAKAIND
1582,1582,Visa Steel Limited,VISASTEEL
1583,1583,Visesh Infotecnics Limited,VISESHINFO
1584,1584,Vishal Fabrics Limited,VISHAL
1585,1585,Vishnu Chemicals Limited,VISHNU
1586,1586,Vishwaraj Sugar Industries Limited,VISHWARAJ
1587,1587,Visagar Polytex Limited,VIVIDHA
1588,1588,Vivimed Labs Limited,VIVIMEDLAB
1589,1589,VLS Finance Limited,VLSFINANCE
1590,1590,V-Mart Retail Limited,VMART
1591,1591,Voltamp Transformers Limited,VOLTAMP
1592,1592,Voltas Limited,VOLTAS
1593,1593,VRL Logistics Limited,VRLLOG
1594,1594,Vardhman Special Steels Limited,VSSL
1595,1595,VST Industries Limited,VSTIND
1596,1596,V.S.T Tillers Tractors Limited,VSTTILLERS
1597,1597,Vardhman Textiles Limited,VTL
1598,1598,VA Tech Wabag Limited,WABAG
1599,1599,WABCO India Limited,WABCOINDIA
1600,1600,Walchandnagar Industries Limited,WALCHANNAG
1601,1601,Wanbury Limited,WANBURY
1602,1602,Waterbase Limited,WATERBASE
1603,1603,Websol Energy System Limited,WEBELSOLAR
1604,1604,Weizmann Forex Limited,WEIZFOREX
1605,1605,Weizmann Limited,WEIZMANIND
1606,1606,Welspun Corp Limited,WELCORP
1607,1607,Welspun Enterprises Limited,WELENT
1608,1608,Welspun Investments and Commercials Limited,WELINV
1609,1609,Welspun India Limited,WELSPUNIND
1610,1610,Wendt (India) Limited,WENDT
1611,1611,Westlife Development Ltd,WESTLIFE
1612,1612,Wheels India Limited,WHEELS
1613,1613,Whirlpool of India Limited,WHIRLPOOL
1614,1614,Williamson Magor & Company Limited,WILLAMAGOR
1615,1615,Windsor Machines Limited,WINDMACHIN
1616,1616,Winsome Yarns Limited,WINSOME
1617,1617,The Western India Plywoods Limited,WIPL
1618,1618,Wipro Limited,WIPRO
1619,1619,Wockhardt Limited,WOCKPHARMA
1620,1620,Wonderla Holidays Limited,WONDERLA
1621,1621,W S Industries (I) Limited,WSI
1622,1622,West Coast Paper Mills Limited,WSTCSTPAPR
1623,1623,Xchanging Solutions Limited,XCHANGING
1624,1624,Xelpmoc Design And Tech Limited,XELPMOC
1625,1625,XL Energy Limited,XLENERGY
1626,1626,Xpro India Limited,XPROINDIA
1627,1627,Yes Bank Limited,YESBANK
1628,1628,Zee Entertainment Enterprises Limited,ZEEL
1629,1629,Zee Learn Limited,ZEELEARN
1630,1630,Zee Media Corporation Limited,ZEEMEDIA
1631,1631,Zenith Birla (India) Limited,ZENITHBIR
1632,1632,Zenith Exports Limited,ZENITHEXPO
1633,1633,Zensar Technologies Limited,ZENSARTECH
1634,1634,Zen Technologies Limited,ZENTEC
1635,1635,Zicom Electronic Security Systems Limited,ZICOM
1636,1636,Zodiac Clothing Company Limited,ZODIACLOTH
1637,1637,Zodiac JRD- MKJ Limited,ZODJRDMKJ
1638,1638,Zota Health Care LImited,ZOTA
1639,1639,Zuari Agro Chemicals Limited,ZUARI
1640,1640,Zuari Global Limited,ZUARIGLOB
1641,1641,Zydus Wellness Limited,ZYDUSWELL
